,R_t_mean,R_t_low,R_t_high,I_t_mean,I_t_low,I_t_high
25,3.5,-2.38,9.379999999999999,25.0,-inf,inf
26,14.652701668786223,12.915145559047078,16.470820537426604,403.46,307.0,555.0
27,7.110659981962679,5.069118105687087,11.518301464432325,1340.668,772.0,2437.0
28,-0.21264246505535755,-2.4786961358970174,2.946138730278709,1091.44,661.0,1877.0
29,1.2844243390663606,0.022034016783080125,2.726772393575616,1169.642,935.0,1503.0
